vars,desc
year,YEAR
personid,RESPONDENT_ID_NUMBER
x1,CURRENT_ECONOMIC_SITUATION_IN_GERMANY
x2,RESP._OWN_CURRENT_FINANCIAL_SITUATION
x3,ECONOMIC_SITUATION_I.GERMANY_IN_ONE_YEAR
x4,RESP.OWN_FINANCIAL_SITUATION_IN_ONE_YEAR
x5,SATISFACTION_WITH_PERFORMANCE_OF_FED.GOV
x6,SATISFACTION_WITH_DEMOCRACY_IN_THE_FRG
x7,SELF-PLACEMENT_ON_LEFT-RIGHT_CONTINUUM
x8,LEFT-RIGHT_PARTY_ASSESSMENT:_CDU
x9,LEFT-RIGHT_PARTY_ASSESSMENT:_CSU
x10,LEFT-RIGHT_PARTY_ASSESSMENT:_SPD
x11,LEFT-RIGHT_PARTY_ASSESSMENT:_FDP
x12,LEFT-RIGHT_PARTY_ASSESSMENT:_THE_LEFT
x13,LEFT-RIGHT_PARTY_ASSESSMENT:_THE_GREENS
x14,"POLITICAL_INTEREST,_RESPONDENT(ORDINAL)"
x15,DO_YOU_TEND_TO_SUPPORT_A_POLITIC._PARTY?
x16,RESPONDENT:_PARTY_PREFERENCE
x17,VOTING_INTENTION:_FEDERAL_ELECTION
x18,ELIGIBLE_TO_VOTE_LAST_FEDERAL_ELECTION?
x19,DID_YOU_VOTE_IN_LAST_FEDERAL_ELECTION?
x20,PARTY_VOTE_IN_LAST_FEDERAL_ELECTION
x21,REASONS_FOR_NOT_VOTING_IN_LAST_ELECTION
x22,PROBABILITY:_VOTE_FOR_CDU-CSU
x23,PROBABILITY:_VOTE_FOR_SPD
x24,PROBABILITY:_VOTE_FOR_FDP
x25,PROBABILITY:_VOTE_FOR_THE_GREENS
x26,PROBABILITY:_VOTE_FOR_PDS/THE_LEFT
x27,WOULD_DO:_EXPRESS_OPINION
x28,WOULD_DO:_VOTE_IN_ELECTIONS
x29,WOULD_DO:_PUBLIC_DISCUSSIONS
x30,WOULD_DO:_CITIZENS_INITIATIVE
x31,WOULD_DO:_WORK_FOR_POLITICAL_PARTY
x32,WOULD_DO:_UNAUTHORIZED_DEMONSTRATION
x33,WOULD_DO:_TAKE_PART_IN_AUTHORIZED_DEMO
x34,WOULD_DO:_REFUSE_TO_VOTE
x35,WOULD_DO:_PROTEST_VOTE_FOR_PARTY
x36,WOULD_DO:_SIGN_A_PETITION
x37,WOULD_DO:_CONSCIENTIOUS_CONSUMPTION
x38,WOULD_DO:_ONLINE_PROTEST
x39,ALREADY_DONE:_EXPRESS_OPINION
x40,ALREADY_DONE:_VOTE_IN_ELECTIONS
x41,ALREADY_DONE:_PUBLIC_DISCUSSIONS
x42,ALREADY_DONE:_CITIZENS_INITIATIVE
x43,ALREADY_DONE:_WORK_FOR_POLITICAL_PARTY
x44,ALREADY_DONE:_UNAUTHORIZED_DEMO
x45,ALREADY_DONE:_AUTHORIZED_DEMONSTRATION
x46,ALREADY_DONE:_REFUSED_TO_VOTE
x47,ALREADY_DONE:_PROTEST_VOTE_FOR_PARTY
x48,ALREADY_DONE:_SIGN_A_PETITION
x49,ALREADY_DONE:_CONSCIENTIOUS_CONSUMPTION
x50,ALREADY_DONE:_ONLINE_PROTEST
x51,LAST_2_YEARS:_EXPRESS_OPINION
x52,LAST_2_YEARS:_VOTE_IN_ELECTIONS
x53,LAST_2_YEARS:_PUBLIC_DISCUSSIONS
x54,LAST_2_YEARS:_CITIZENS_INITIATIVE
x55,LAST_2_YEARS:_WORK_FOR_POLITICAL_PARTY
x56,LAST_2_YEARS:_UNAUTHORIZED_DEMONSTRATION
x57,LAST_2_YEARS:_AUTHORIZED_DEMONSTRATION
x58,LAST_2_YEARS:_REFUSED_TO_VOTE
x59,LAST_2_YEARS:_PROTEST_VOTE_FOR_PARTY
x60,LAST_2_YEARS:_SIGN_A_PETITION
x61,HOW_OFTEN_TALK_ABOUT_POLITICS:_IN_FAMILY
x62,HOW_OFTEN_TALK_ABOUT_POLITICS:_FRIENDS
x63,HOW_OFTEN_TALK_ABOUT_POL.:_ACQUAINTANCES
x64,HOW_OFTEN_TALK_ABOUT_POLITICS:_STRANGERS
x65,REQUIRE_IMMIGRANTS_TO_ASSIMILATE
x66,POLITICS_SHLD_STAY_OUT_OF_THE_ECONOMY
x67,MAKE_ENVIRONMENTAL_PROTECTION_STRICTER
x68,STIFFER_SENTENCES_FOR_OFFENDERS
x69,SOCIAL_SECURITY_PRIME_GOAL_OF_GOVERNMENT
x70,REDISTRIBUTE_INCOME_TO_COMMON_PEOPLE
x71,IMMIGRANTS_GOOD_FOR_GERMAN_ECONOMY
x72,GLOBALIZATION_BENEFITS_EVERYONE
x73,FORMED_AN_OPINION_ON_SOCIAL_SECURITY?
x74,SOCIAL_BENEFITS:_CUT_OR_EXTEND?
x75,REDUCE_TAXES_OR_MORE_SOCIAL_SERVICE
x76,OPINION:LIVE_WELL_I.COUNTRY_LIKE_GERMANY
x77,SUPPORT_FOR_IDEA_OF_DEMOCRACY
x78,PARTY_AFFILIATION:_ANGELA_MERKEL
x79,PARTY_AFFILIATION:_URSULA_VON_DER_LEYEN
x80,ACTING_PRESIDENT_OF_EUROPEAN_COMMISSION?
x81,WHO_ELECTS_THE_CHANCELLOR_OF_THE_FRG?
x82,WHAT_DOES_SECRET_BALLOT_MEAN?
x83,WHO_HOLDS_RICHTLINIENKOMPETENZ?
x84,INT.ORG.FOR_CULTURAL+SCIENTIFIC_ISSUES?
x85,WHO_HAS_NO_SEAT_IN_UN_SECURITY_COUNCIL?
x86,WHEN_CAN_EU_CITIZENS_VOTE_IN_GERMANY?
x87,WHAT_IS_SOLIDARITY_SURCHARGE_USED_FOR?
x88,POLITICIANS_DO_NOT_CARE_ABOUT_US
x89,COULD_BE_ACTIVE_MEMBER_OF_A_POLIT._GROUP
x90,POLITICS_IS_TOO_COMPLICATED_FOR_ME
x91,POLITICIANS_REPRESENT_PEOPLES_INTERESTS
x92,I_DO_NOT_KNOW_MUCH_ABOUT_POLITICS
x93,MOST_PEOPLE_CAPABLE_OF_POLITICAL_WORK
x94,AVERAGE_CITIZEN_LITTLE_POL.UNDERSTANDING
x95,CITIZENS_HAVE_THE_DUTY_TO_VOTE
x96,PEOPLE_SHLD_DEMONSTRATE_IF_DISSATISFIED
x97,POLITICAL_VIOLENCE_MORALLY_JUSTIFIED
x98,REFERENDUMS_NECESSARY_PART_OF_DEMOCRACY
x99,CONFLICTS:_LEFT_VS._RIGHT
x100,CONFLICTS:_EMPLOYERS_VS._EMPLOYEES
x101,CONFLICTS:_UNEDUCATED_VS._EDUCATED
x102,CONFLICTS:_PARENTS_VS._CHILDLESS_PEOPLE
x103,CONFLICTS:_YOUNG_VS._OLD
x104,CONFLICTS:_POOR_VS._RICH
x105,CONFLICTS:_WORKING_VS._RETIRED_PEOPLE
x106,CONFLICTS:_POLITICIANS_VS._CITIZENS
x107,CONFLICTS:_CAPITALISTS_VS._WORKING_CLASS
x108,CONFLICTS:_GUEST_WORKERS_VS._GERMANS
x109,CONFLICTS:_WOMEN_VS._MEN
x110,CONFLICTS:_CITIZENS_VS._ETHNIC_GERMANS
x111,TRUST:_HEALTH_SERVICE
x112,TRUST:_FEDERAL_CONSTITUTIONAL_COURT
x113,TRUST:_BUNDESTAG_(FEDERAL_PARLIAMENT)
x114,TRUST:_MUNICIPAL_ADMINISTRATION
x115,TRUST:_CATHOLIC_CHURCH
x116,TRUST:_PROTESTANT_CHURCH
x117,TRUST:_JUDICIAL_SYSTEM
x118,TRUST:_TELEVISION
x119,TRUST:_NEWSPAPERS
x120,"TRUST:_UNIVERSITIES,_HIGHER_EDUCATION"
x121,TRUST:_FEDERAL_GOVERNMENT
x122,TRUST:_POLICE
x123,TRUST:_POLITICAL_PARTIES
x124,TRUST:_EUROPEAN_COMMISSION
x125,TRUST:_EUROPEAN_PARLIAMENT
x126,IDENTIFICATION_WITH_OWN_COMMUNITY
x127,IDENTIFICATION_WITH_FEDERAL_STATE
x128,IDENTIFICATION_WITH_FORMER_WEST_GERMANY
x129,IDENTIFICATION_WITH_FORMER_EAST_GERMANY
x130,IDENTIFICATION_WITH_GERMANY_AS_A_WHOLE
x131,IDENTIFICATION_WITH_THE_EUROPEAN_UNION
x132,WEST_SHOULD_MAKE_GREATER_SACRIFICES
x133,EAST_SHOULD_SHOW_MORE_PATIENCE
x134,REUNIFICATION_MORE_ADVANTAGES_FOR_WEST
x135,REUNIFICATION_MORE_ADVANTAGES_FOR_EAST
x136,FUTURE_IN_EAST_DEPENDS_ON_WILL_TO_WORK
x137,PEOPLE_IN_OTHER_PART_OF_FRG_ARE_FOREIGN
x138,NEW_STATES:_PRESSURE_TOO_GREAT
x139,DO_NOT_ASK_ABOUT_SECRET_POLICE_PAST
x140,"SOCIALISM:_GOOD_IDEA,_POORLY_IMPLEMENTED"
x141,PROUD_OF:_BASIC_LAW
x142,PROUD_OF:_GERMAN_FEDERAL_PARLIAMENT
x143,PROUD_OF:_ACHIEVEMENTS_OF_GERM._ATHLETES
x144,PROUD_OF:_ECONOMIC_ACHIEVEMENTS
x145,PROUD_OF:_GERMAN_ART_AND_LITERATURE
x146,PROUD_OF:_SCIENTIFIC_ACHIEVEMENTS
x147,PROUD_OF:_SOCIAL_WELFARE_ACHIEVEMENTS
x148,PROUD_OF:_MOST_IMPORTANT
x149,PROUD_OF:_SECOND_MOST_IMPORTANT
x150,PROUD_OF:_THIRD_MOST_IMPORTANT
x151,PROUD_TO_BE_A_GERMAN?
x152,I_AM_PROUD_TO_BE_A_GERMAN
x153,ENCOURAGE_DISPLAY_OF_NATIONAL_FEELINGS
x154,DICTATORSHIP_SOMETIMES_BETTER_GOVERNMENT
x155,NATIONAL_SOCIALISM_HAD_ITS_GOOD_SIDES
x156,WITHOUT_HOLOCAUST_HITLER_POSITIVE_FIGURE
x157,DANGEROUSLY_MANY_FOREIGNERS_IN_GERMANY
x158,FOREIGNER_SHOULD_MARRY_OWN_NATIONALITY
x159,THE_JEWS_STILL_HAVE_TOO_MUCH_INFLUENCE
x160,JEWS_ARE_PECULIARLY_DIFFERENT
x161,ATTACKS_ON_ASYLUM_SEEKERS_UNDERSTANDABLE
x162,RESP:_FAIR_SHARE_IN_STANDARD_OF_LIVING?
x163,"SELF-ASSESSMENT_OF_SOCIAL_CLASS,_RESP."
x164,"TOP-BOTTOM-SCALE:_SELF-CLASSIFIC.,_RESP."
x165,OCCUP.SUCCESS:_COMPARISON_TO_FATHER
x166,"HOW_MANY_RELATIVES,FRIENDS_UNEMPLOYED?"
x167,EVERYONE_SHOULD_LOOK_OUT_FOR_THEMSELVES
x168,PROFITS_NECESSARY_FOR_HEALTHY_ECONOMY
x169,STATE:_PROVIDE_JOBS_AND_STABLE_PRICES
x170,STATE:SECURE_INCOME_IN_TIMES_OF_HARDSHIP
x171,SOCIAL_SECURITY_BAD_FOR_WORK_ETHOS
x172,PROFITS_ARE_SHARED_FAIRLY_IN_THE_FRG
x173,INEQUALITY_IN_FRG_NOT_FURTHER_REDUCIBLE
x174,PERSONAL_AMBITIONS_IN_LIFE_FULFILLED?
x175,EDUCAT.OPP.:EVERYONE_ACCORDING_TO_TALENT
x176,"WAY_TO_THE_TOP:_OPPORTUNISM,RUTHLESSNESS"
x177,"WAY_TO_THE_TOP:_EDUCATION,_TRAINING"
x178,WAY_TO_THE_TOP:_POLITICAL_ACTIVITY
x179,"WAY_TO_THE_TOP:_COINCIDENCE,_LUCK"
x180,"WAY_TO_THE_TOP:_INTELLIGENCE,_TALENT"
x181,"WAY_TO_THE_TOP:_CONNECTIONS,_PROTECTION"
x182,"WAY_TO_THE_TOP:ACHIEVEMENT,INDUSTRIOUSN."
x183,"WAY_TO_THE_TOP:_MONEY,_WEALTH"
x184,"WAY_TO_THE_TOP:_INITIATIVE,ASSERTIVENESS"
x185,WAY_TO_THE_TOP:_RIGHT_SOCIAL_BACKGROUND
x186,"WAY_TO_THE_TOP:_BRIBERY,_CORRUPTION"
x187,"WAY_TO_THE_TOP:_COOPERATION,_OPENNESS"
x188,SUCCESS:DEPENDS_ON_OWN_CLASS_POSITION
x189,SUCCESS:DEPENDS_ON_FAMILY_BACKGROUND
x190,SUCCESS:DEPENDS_ON_OWN_EDUCATION
x191,SUCCESS:WELFARE_SYSTEM+STATE_OF_ECONOMY
x192,DECENT_INCOME_EVEN_WITHOUT_ACHIEVEMENT
x193,INCOME_DIFFERENCES_INCREASE_MOTIVATION
x194,DIFFERENCES_IN_SOCIAL_POSITION_ACCEPTAB.
x195,SOCIAL_DIFFERENCES_ARE_JUST
x196,PERSONAL_PENSION_PROVISION_ADEQUATE?
x197,IMMIGRATION:_ETHNIC_GERMANS_F_EAST_EUR.
x198,IMMIGRATION:_ASYLUM_SEEKERS
x199,IMMIGRATION:_WORKERS_FROM_EU-COUNTRIES
x200,IMMIGRATION:_WORKERS_FROM_NON-EU-COUNTR.
x201,FOREIGNERS_DO_WORK_GERMANS_WILL_NOT_DO
x202,FOREIGN.:BURDEN_ON_SOCIAL_WELFARE_SYSTEM
x203,FOREIGNERS_ENRICH_GERMAN_CULTURAL_LIFE
x204,FOREIGNERS:_PROBLEMS_IN_HOUSING_MARKET
x205,FOREIGN:_HELP_TO_SECURE_OLD_AGE_PENSIONS
x206,FOREIGNERS:_TAKE_JOBS_AWAY_FROM_GERMANS
x207,FOREIGNERS:_COMMIT_CRIMES_MORE_OFTEN
x208,FOREIGNERS:_CREATE_JOBS
x209,REFUGEES_OPPORT.OR_RISK:_WELFARE_STATE
x210,REFUGEES_OPPORT.OR_RISK:_SECURITY
x211,REFUGEES_OPPORT.OR_RISK:_SOCIAL_COHESION
x212,REFUGEES_OPPORT.OR_RISK:_ECONOMY
x213,TREATMENT_OF_FOREIGN.BY_MUNICIPAL_OFFICE
x214,NATURALIZATION:SHOULD_BE_BORN_IN_GERMANY
x215,NATURALIZATION:_SHLD_BE_OF_GERMAN_ORIGIN
x216,NATURALIZATION:_SHOULD_SPEAK_GERMAN
x217,NATURALIZ:_HAS_LIVED_HERE_A_LONG_TIME
x218,NATURALIZAT.:ADAPT_TO_GERMAN_WAY_OF_LIFE
x219,NATURALIZATION:_CHRISTIAN_DENOMINATION
x220,NATURALIZATION:_NO_CRIMES_COMMITTED
x221,NATURALIZATION:_CAN_SUPPORT_HIMSELF
x222,NATURALIZATION:_ACCEPT_BASIC_LAW_VALUES
x223,"FOREIGN.,GUEST_WORKERS:_ADAPT_MORE"
x224,"FOREIGN.,GUEST_W.:LEAVE_WHEN_JOBS_SCARCE"
x225,"FOREIGN.,GUEST_W.:_NO_POLIT._ACTIVITIES"
x226,"FOREIGN.,GUEST_W.:MARRY_AMONG_THEMSELVES"
x227,"FOREIGN.,GUEST_W.:_CONTACT_IN_OWN_FAMILY"
x228,"FOREIGN.,GUEST_W.:_CONTACT_AT_WORK"
x229,"FOREIGN.,GUEST_W.:CONTACT_I.NEIGHBORHOOD"
x230,"FOREIGN.,GUEST_W.:_CONTACT_AMONG_FRIENDS"
x231,OPINION_ON_DUAL_CITIZENSHIP
x232,SAME_WELFARE_BENEFITS_FOR_FOREIGNERS
x233,MUNICIPAL_VOTING_RIGHTS_FOR_FOREIGNERS
x234,RELIG.INSTRUCTION_FOR_MUSLIMS_IN_SCHOOLS
x235,AGREE:_STRANGER_IN_ONES_OWN_COUNTRY
x236,"ESTIMATED_PERCENTAGE_OF_FOREIGNERS,WEST"
x237,"ESTIMATED_PERCENTAGE_OF_FOREIGNERS,EAST"
x238,HOW_MANY_FOREIGNERS_IN_NEIGHBORHOOD
x239,WOULD_LIKE_TO_LIVE_IN_NEIGHBORHOOD_1
x240,WOULD_LIKE_TO_LIVE_IN_NEIGHBORHOOD_2
x241,WOULD_LIKE_TO_LIVE_IN_NEIGHBORHOOD_3
x242,WOULD_LIKE_TO_LIVE_IN_NEIGHBORHOOD_4
x243,WOULD_LIKE_TO_LIVE_IN_NEIGHBORHOOD_5
x244,WOULD_LIKE_TO_LIVE_IN_NEIGHBORHOOD_6
x245,WOULD_LIKE_TO_LIVE_IN_NEIGHBORHOOD_7
x246,WOULD_LIKE_TO_LIVE_IN_NEIGHBORHOOD_8
x247,WOULD_LIKE_TO_LIVE_IN_NEIGHBORHOOD_9
x248,WOULD_LIKE_TO_LIVE_IN_NEIGHBORHOOD_10
x249,WOULD_LIKE_TO_LIVE_IN_NEIGHBORHOOD_11
x250,WOULD_LIKE_TO_LIVE_IN_NEIGHBORHOOD_12
x251,WOULD_LIKE_TO_LIVE_IN_NEIGHBORHOOD_13
x252,WOULD_NOT_LIKE_TO_LIVE_IN_NEIGHBORH._1
x253,WOULD_NOT_LIKE_TO_LIVE_IN_NEIGHBORH._2
x254,WOULD_NOT_LIKE_TO_LIVE_IN_NEIGHBORH._3
x255,WOULD_NOT_LIKE_TO_LIVE_IN_NEIGHBORH._4
x256,WOULD_NOT_LIKE_TO_LIVE_IN_NEIGHBORH._5
x257,WOULD_NOT_LIKE_TO_LIVE_IN_NEIGHBORH._6
x258,WOULD_NOT_LIKE_TO_LIVE_IN_NEIGHBORH._7
x259,WOULD_NOT_LIKE_TO_LIVE_IN_NEIGHBORH._8
x260,WOULD_NOT_LIKE_TO_LIVE_IN_NEIGHBORH._9
x261,WOULD_NOT_LIKE_TO_LIVE_IN_NEIGHBORH._10
x262,WOULD_NOT_LIKE_TO_LIVE_IN_NEIGHBORH._11
x263,WOULD_NOT_LIKE_TO_LIVE_IN_NEIGHBORH._12
x264,WOULD_NOT_LIKE_TO_LIVE_IN_NEIGHBORH._13
x265,DIFFER.I_LIFESTYLE:_ITALIANS_IN_GERMANY
x266,DIFFER.I_LIFESTYLE:ETHNIC_GERMANS_F_EAST
x267,DIFFER.I_LIFESTYLE:_ASYLUM_SEEKERS
x268,DIFFER.I_LIFESTYLE:_TURKS_IN_GERMANY
x269,DIFFER.I_LIFESTYLE:_JEWS_IN_GERMANY
x270,HOW_PLEASANT_AS_NEIGHBOR:_ITALIANS
x271,HOW_PLEASANT:_ETHNIC_GERMANS_F_EAST_EUR
x272,HOW_PLEASANT_AS_NEIGHBOR:_ASYLUM-SEEKERS
x273,HOW_PLEASANT_AS_NEIGHBOR:_TURKS
x274,HOW_PLEASANT_AS_NEIGHBOR:_JEWS
x275,MARRIAGE_INTO_OWN_FAMILY:_ITALIANS
x276,MARRIAGE_IN_FAMILY:ETHNIC_GERMANS_F_EAST
x277,MARRIAGE_INTO_OWN_FAMILY:ASYLUM-SEEKERS
x278,MARRIAGE_INTO_OWN_FAMILY:_TURKS
x279,MARRIAGE_INTO_OWN_FAMILY:_JEWS
x280,SAME_RIGHTS_AS_GERMANS_FOR:_ITALIANS
x281,SAME_RIGHTS:_ETHNIC_GERMANS_F_EAST_EUR
x282,SAME_RIGHTS_AS_GERMANS:_ASYLUM_SEEKERS
x283,SAME_RIGHTS_AS_GERMANS_FOR:_TURKS
x284,SAME_RIGHTS_AS_GERMANS_FOR:_JEWS
x285,EXERCISE_OF_MUSLIM_FAITH_SHLD_BE_LIMITED
x286,ISLAM_FITS_IN_WITH_GERMAN_SOCIETY
x287,PRESENCE_OF_MUSLIMS_LEADS_TO_CONFLICTS
x288,STATE_SHLD_MONITOR_MUSLIM_COMMUNITIES
x289,RESP._WOULD_NOT_OBJECT_TO_MUSLIM_MAYOR
x290,JEWS:_TOO_MUCH_INFLUENCE_IN_THE_WORLD
x291,JEWS:SHAME_ABOUT_GERMAN_CRIMES_AGAINST_J
x292,JEWS:_TAKE_ADVANTAGE_OF_GERMAN_NAZI_PAST
x293,JEWS:_NOT_WITHOUT_BLAME_BEING_PERSECUTED
x294,OCCUR:LANDLORD_REFUSES_TO_SERVE_FOREIGN.
x295,OCCUR:PARENTS_FORBID_TURKISH_BOY_FRIEND
x296,OCCUR:_EMPLOYERS_SACK_FOREIGNERS_FIRST
x297,RESP.:LANDLORD_REFUSES_TO_SERVE_FOREIGN.
x298,RESP.:PARENTS_FORBID_TURKISH_BOYFRIEND
x299,RESP.:_EMPLOYERS_SACK_FOREIGNERS_FIRST
x300,GERMANS:LANDLORD_REFUSES_SERVING_FOREIG.
x301,GERMANS:PARENTS_FORBID_TURKISH_BOYFRIEND
x302,GERMANS:EMPLOYERS_SACK_FOREIGNERS_FIRST
x303,DOES_ONE_NEED_A_FAMILY_FOR_HAPPINESS?
x304,MARRIAGE_AFTER_LIVING_TOGETHER_PERMANENT
x305,REASON_FOR_MARRIAGE:_CHILD
x306,WHAT_IS_THE_IDEAL_NUMBER_OF_CHILDREN?
x307,WORKING_WOMAN:WARM_RELATION_TO_CHILD_OK
x308,WIFE:IMP.TO_HELP_HUSBAND_WITH_HIS_CAREER
x309,WORKING_WOMAN:_SMALL_CHILD_SUFFERS_(A)
x310,WIFE:_STAY_HOME+LOOK_AFTER_FAMILY_(A)
x311,WORKING_MOM_IS_BETTER_MOTHER_(A)
x312,WIFE:_SHOULD_GIVE_UP_WORK_AFTER_MARRIAGE
x313,WORKING_WOMAN_CAN_BE_GOOD_MOTHER
x314,"PARENTS_WORK_FULL-TIME,SHARE_CHORES"
x315,WORKING_WOMAN:_SMALL_CHILD_SUFFERS_(B)
x316,WIFE:_STAY_HOME+LOOK_AFTER_FAMILY_(B)
x317,WORKING_MOM_IS_BETTER_MOTHER_(B)
x318,MAN_WORKING_FULLTIME_IS_BAD_FATHER
x319,BOTH_PARENTS_SHLD_WORK+WOMAN_DO_CHORES
x320,WORKING_MAN_CAN_BE_GOOD_FATHER_TOO
x321,MAN_CAN_TAKE_OVER_CHORES+CHILDCARE_TOO
x322,JOINT_HH:_WHO_PREPARES_MEALS?
x323,JOINT_HH:_WHO_BUYS_FOOD?
x324,JOINT_HH:_WHO_DOES_MINOR_REPAIRS?
x325,JOINT_HH:_WHO_DOES_THE_LAUNDRY?
x326,JOINT_HH:_WHO_DOES_INSURANCE_PAPERWORK?
x327,JOINT_HH:_WHO_CLEARS_UP_AFTER_MEALS?
x328,JOINT_HH:_WHO_DOES_THE_CLEANING?
x329,JOINT_HH:_WHO_DEALS_WITH_AUTHORITIES?
x330,JOINT_HH:_WHO_PLAYS_WITH_THE_KIDS?
x331,JOINT_HH:_WHO_PUTS_THE_KIDS_TO_BED?
x332,JOINT_HH:_WHO_DOES_HOMEWORK_WITH_KIDS?
x333,AGREE:_SHLD_BE_GRATEFUL_FOR_THE_LEADERS
x334,AGREE:_BENEFIT_FOR_CHILD_TO_BE_CONFORM
x335,IMPORTANCE:_OWN_FAMILY_AND_CHILDREN
x336,IMPORTANCE:_JOB_AND_WORK
x337,IMPORTANCE:_LEISURE_TIME_AND_RELAXATION
x338,IMPORTANCE:_FRIENDS_AND_ACQUAINTANCES
x339,IMPORTANCE:_RELATIVES
x340,IMPORTANCE:_RELIGION_AND_CHURCH
x341,IMPORTANCE:_POLITICS_AND_PUBLIC_LIFE
x342,IMPORTANCE:_NEIGHBORS
x343,ASPECTS_OF_JOBS:_JOB_SECURITY
x344,ASPECTS_OF_JOBS:_HIGH_INCOME
x345,ASPECTS_OF_JOBS:_OPPORT.S_FOR_PROMOTION
x346,ASPECTS_OF_JOBS:_RESPECTABLE_OCCUPATION
x347,ASPECTS_OF_JOBS:_LOTS_OF_LEISURE_TIME
x348,ASPECTS_OF_JOBS:_INTERESTING_WORK
x349,ASPECTS_OF_JOBS:_WORK_INDEPENDENTLY
x350,ASPECTS_OF_JOBS:_RESPONSIBILITY
x351,ASPECTS_OF_JOBS:_CONTACT_TO_PEOPLE
x352,ASPECTS_OF_JOBS:_HELP_OTHER_PEOPLE
x353,ASPECTS_OF_JOBS:_USEFUL_TO_SOCIETY
x354,LEISURE:_READ_BOOKS
x355,LEISURE:_READ_MAGAZINES/JOURNALS
x356,"LEISURE:_LISTEN_TO_RECORDS,CDS,CASSETTES"
x357,LEISURE:_WATCH_VIDEOS
x358,LEISURE:_USE_THE_COMPUTER
x359,"LEISURE:_USE_INTERNET,_ONLINE_SERVICES"
x360,LEISURE:_FURTHER_EDUCATION
x361,"LEISURE:_JUST_DO_NOTHING,_TAKE_IT_EASY"
x362,"LEISURE:_GO_FOR_WALKS,_GO_HIKING"
x363,"LEISURE:YOGA,MEDITATION,AUTOGEN.TRAINING"
x364,LEISURE:_GO_OUT_FOR_A_MEAL_OR_A_DRINK
x365,"LEISURE:VISIT_NEIGHBOR,FRIEND,ACQUAINT."
x366,"LEISURE:VISIT_FAMILY_MEMBERS,_RELATIVES"
x367,"LEISURE:PLAY_CARDS,GAMES_WITH_THE_FAMILY"
x368,LEISURE:_GO_ON_OUTINGS_OR_SHORT_TRIPS
x369,"LEISURE:INVOLVEMENT_POLITICS,ACTION_GRPS"
x370,"LEISURE:VOLUNTARY_WORK_IN_CLUBS,SERVICES"
x371,"LEISURE:_ATTEND_CHURCH,_RELIGIOUS_EVENTS"
x372,LEISURE:_ARTISTIC_AND_MUSICAL_ACTIVITIES
x373,"LEISURE:_ARTS+CRAFTS,ODD_JOBS,CAR,GARDEN"
x374,LEISURE:_DO_SPORTS
x375,LEISURE:_ATTEND_SPORTING_EVENTS
x376,"LEISURE:_CINEMA,POP+JAZZ_CONCERT,DANCING"
x377,"LEISURE:OPERA,CLASSICAL,THEATER,EXHIBIT."
x378,LEISURE:_LISTEN_TO_MUSIC
x379,LEISURE:_USE_THE_INTERNET
x380,"LEISURE:_ONLINE_CHATS,_SOCIAL_NETWORKS"
x381,LEISURE:_PLAY_GAMES_ON_THE_COMPUTER
x382,LEISURE:_MAKE_MUSIC
x383,LEISURE:_OTHER_ARTISTIC_ACTIVITIES
x384,"LEISURE:_GO_TO_MUSEUMS,_EXHIBITIONS"
x385,WATCH_TV:_HOW_MANY_DAYS_A_WEEK
x386,WATCH_TV:_AVERAGE_VIEWING_TIME_PER_DAY
x387,"TV_INTEREST:_SHOWS,_QUIZ_PROGRAMS"
x388,TV_INTEREST:_SPORTS_PROGRAMS
x389,TV_INTEREST:_MOVIES
x390,TV_INTEREST:_NEWS_BROADCASTS
x391,TV_INTEREST:_POLITICAL_MAGAZINES
x392,TV_INTEREST:_ARTS_AND_CULTURE_PROGRAMS
x393,TV_INTEREST:_GERMAN_RURAL-LIFE-FILMS
x394,TV_INTEREST:_DETECTIVE_FILMS_OR_SERIES
x395,TV_INTEREST:_ACTION_FILMS
x396,TV_INTEREST:_SITCOMS
x397,NEWSPAPER:_HOW_MANY_DAYS_A_WEEK
x398,MUSIC_LIKED:_TRADITIONAL_FOLK_MUSIC
x399,MUSIC_LIKED:_GERMAN_POP_MUSIC
x400,MUSIC_LIKED:_CLASSICAL_MUSIC
x401,MUSIC_LIKED:_JAZZ
x402,TV:_WATCH_NEWS_ON_PUBLIC_CHANNELS?
x403,TV:_HOW_OFTEN_NEWS_ON_PUBLIC_CHANNELS?
x404,TV:_WATCH_NEWS_ON_PRIVATE_CHANNELS?
x405,TV:_HOW_OFTEN_NEWS_ON_PRIVATE_CHANNELS?
x406,INTERNET:_FOR_INFORMATION_ON_POLITICS
x407,HOW_OFTEN_INTERNET_FOR_INFO_ON_POLITICS?
health,RESPONDENT:_HEALTH
x408,HEALTH:_PROBLEMS_CLIMBING_STAIRS?
x409,HEALTH:_PROBLEMS_WITH_DAILY_WORK?
x410,LAST_4_WEEKS:HOW_OFTEN_PRESSED_FOR_TIME?
x411,LAST_4_WEEKS:_HOW_OFTEN_DEPRESSED?
x412,"LAST_4_WEEKS:_HOW_OFTEN_CALM,_BALANCED?"
x413,LAST_4_WEEKS:_HOW_OFTEN_LOTS_OF_ENERGY?
x414,LAST_4_WEEKS:_HOW_OFTEN_PHYSICAL_PAIN?
x415,LAST_4_WEEKS:_HOW_OFTEN_LONELY?
x416,LAST_4_WEEKS:_HEALTH_AFFECTED_WORK
x417,LAST_4_WEEKS:_HEALTH_DENIED_CERTAIN_WORK
x418,LAST_4_W.:EMOTIONAL_PROBLEMS_AFFECT_WORK
x419,LAST_4_W.:EMO.PROB._DENIED_CERTAIN_WORK
x420,LAST_4_W.:_EMO.PROB._AFFECT_SOCIAL_LIFE
x421,R.SUFFERS_FROM:_ALLERGIES
x422,R.SUFFERS_FROM:_MIGRAINE
x423,R.SUFFERS_FROM:_HIGH_BLOOD_PRESSURE
x424,R.SUFFERS_FROM:_IMPAIRED_PERFUSION
x425,"R.SUFFERS_FROM:_ARTHRITIS,_GOUT,_ETC."
x426,R.SUFFERS_FROM:_SPINAL_DAMAGE
x427,R.SUFFERS_FROM:_CHRONIC_BRONCHITIS
x428,R.SUFFERS_FROM:_ASTHMA
x429,R.SUFFERS_FROM:_A_LIVER_DISORDER
x430,R.SUFFERS_FROM:_DIABETES
x431,R.SUFFERS_FROM:_CANCER
x432,R.SUFFERS_FROM:_OSTEOPOROSIS
x433,R.SUFFERS_FROM:_OTHER_ILLNESSES
x434,"R.:_OTHER_ILLNESSES,_RESPONSE_1"
x435,"R.:_OTHER_ILLNESSES,_RESPONSE_2"
x436,R.:_BEEN_ILL_DURING_LAST_4_WEEKS?
x437,LAST_3_MONTHS:_SEEN_MD_FOR_ACUTE_ILLNESS
x438,LAST_3_MONTHS:SEEN_MD_F._CHRONIC_ILLNESS
x439,LAST_3_MONTHS:SEEN_MD_FOR_FEELING_UNWELL
x440,LAST_3_MONTHS:_SEEN_MD_FOR_CONSULTATION
x441,"LAST_3_MONTHS:SEEN_MD_F.PRESCRIPTION,ETC"
x442,"LAST_3_MONTHS:SEEN_MD_F.VACCINATION,ETC."
x443,LAST_3_MONTHS:_SEEN_MD_FOR_OTHER_REASON
x444,OTHER_REASON_FOR_SEEING_A_DOCTOR
x445,NUMBER_OF_VISITS_TO_DOCTOR_PAST_3_MONTHS
x446,BEEN_IN_HOSPITAL_IN_LAST_12_MONTHS?
x447,"NIGHTS_IN_HOSPITAL,_LAST_12_MONTHS"
x448,RESP._SEVERELY_DISABLED?
x449,RESP.:_LEVEL_OF_DISABILITY
x450,DO_YOU_SMOKE?
x451,NUMBER_OF_TOBACCO_PRODUCTS_PER_DAY
x452,OVERALL_LIFE_SATISFACTION
x453,RESP.:_BODY_HEIGHT_IN_CENTIMETERS
x454,RESP.:_BODY_WEIGHT_IN_KILOGRAMS
x455,BODY-MASS-INDEX
x456,DIET:_HOW_OFTEN_WHOLEMEAL_BREAD
x457,"DIET:_HOW_OFTEN_TOAST,_WHITE_BREAD"
x458,DIET:_HOW_OFTEN_FRESH_FRUIT
x459,"DIET:_HOW_OFTEN_VEGETABLES(FRESH,FROZEN)"
x460,DIET:_HOW_OFTEN_MEAT_PRODUCTS
x461,DIET:_HOW_OFTEN_FRIED_FOODS
x462,"DIET:_HOW_OFTEN_SWEETS,_CAKES,_ETC."
x463,DIET:_HOW_OFTEN_BEER_OR_WINE
x464,DIET:_HOW_OFTEN_SPIRITS
x465,"WORK_CONDITIONS:_NOISE,_BAD_AIR_QUALITY"
x466,"WORK_CONDITIONS:TIME,PERFOMANCE_PRESSURE"
x467,WORK_CONDITIONS:_BAD_WORK_CLIMATE
x468,WORK_CONDITIONS:_LONG_WORKING_HOURS
x469,WORK_CONDITIONS:_SHIFT_WORK
x470,WORK_CONDITIONS:_HARD_PHYSICAL_LABOR
x471,HOW_OFTEN_UNFAIR_CRITIQUE_BY_COLLEAGUES?
x472,RESPONDENT:_RELIGIOUS_DENOMINATION
x473,ORTHODOX_CHRISTIAN_DENOMINATION?
x474,RESPONDENT:_WHAT_NON-CHRISTIAN_RELIGION?
x475,PREVIOUSLY_MEMBER_OF_A_CHURCH?
x476,PREVIOUS_RELIGIOUS_DENOMINATION
x477,FREQUENCY_OF_CHURCH_ATTENDANCE
x478,HOW_OFTEN_VISIT_PLACE_OF_WORSHIP?
x479,FREQUENCY_OF_CHURCH_ATTENDANCE_AS_CHILD
x480,WHAT_ROLE_RELIGION_IN_UPBRINGING?
x481,HOW_OFTEN_DO_YOU_PRAY?_(11-POINT_SCALE)
x482,HOW_OFTEN_DO_YOU_PRAY_(7-POINT_SCALE)
x483,"FREQUENCY_OF_CHURCH_ACTIVITIES,_RESP."
x484,"HOW_OFTEN_MEDITATION,_INNER_REFLECTION?"
x485,GOD_IS_PERSONALLY_CONCERNED_WITH_HUMANS
x486,THERE_IS_A_GOD_WHO_WANTS_TO_BE_GOD_F._US
x487,GOD_IS_MERELY_WHAT_IS_VALUABLE_IN_HUMANS
x488,THE_LAWS_OF_NATURE_DETERMINE_OUR_LIVES
x489,GOD_IS_JUST_IN_THE_HEARTS_OF_PEOPLE
x490,HUMAN_LIFE_IS_ONLY_A_PART_OF_NATURE
x491,LIFE_ONLY_HAS_MEANING_BECAUSE_OF_GOD
x492,WHAT_COMES_AFTER_MAKES_LIFE_MEANINGFUL
x493,ONE_HAS_TO_GIVE_LIFE_A_MEANING_ONESELF
x494,MEANING_OF_LIFE:_MAKE_THE_BEST_OUT_OF_IT
x495,LIFE_DOES_NOT_HAVE_MUCH_MEANING
x496,MY_OPINION:LIFE_SERVES_NO_PURPOSE_AT_ALL
x497,"SCALE_OF_RELIGIOUSNESS,_RESPONDENT"
x498,BELIEF_IN_GOD
x499,BELIEF_IN:_LIFE_AFTER_DEATH
x500,BELIEF_IN:_HEAVEN
x501,BELIEF_IN:_HELL
x502,BELIEF_IN:_REINCARNATION
x503,DOES_NOT_MATTER_IF_GOD_EXISTS
x504,DOES_NOT_MATTER_IF_HIGHER_POWER_EXISTS
x505,FOLLOW_NO_RELIGIOUS_DOCTRINE
x506,STICK_TO_WHAT_IS_RATIONAL
x507,REFLECT_ON_ISSUES_OF_FAITH
x508,REFLECT_ON_MEANING_OF_LIFE
x509,EXPERIENCE:_PRESENCE_OF_GOD
x510,EXPERIENCE:_SUPERNATURAL_POWERS
x511,EXPERIENCE:_NEW_AGE
x512,EXPERIENCE:_ZEN_MEDITATION
x513,"EXPERIENCE:_ANTHROPOSOPHY,_THEOSOPHY"
x514,EXPERIENCE:_MYSTICISM
x515,"EXPERIENCE:_MAGIC,SPIRITUALISM,OCCULTISM"
x516,"EXPERIENCE:_PENDULUM_DOWSING,_DIVINING"
x517,"EXPERIENCE:_ASTROLOGY,_HOROSCOPES"
x518,"EXPERIENCE:_TAROT_CARDS,_FORTUNE_TELLING"
x519,EXPERIENCE:_MIRACLE_OR_SPIRIT_HEALERS
x520,"EXPERIENCE:_HOMEOPATHY,BACH_FLOWERS_ETC."
x521,OPINION:_NEW_AGE
x522,OPINION:_ZEN_MEDITATION
x523,"OPINION:_ANTHROPOSOPHY,_THEOSOPHY"
x524,OPINION:_MYSTICISM
x525,"OPINION:_MAGIC,_SPIRITUALISM,_OCCULTISM"
x526,"OPINION:_PENDULUM_DOWSING,_DIVINING"
x527,"OPINION:_ASTROLOGY,_HOROSCOPES"
x528,"OPINION:_TAROT-CARDS,_FORTUNE_TELLING"
x529,OPINION:_MIRACLE_OR_SPIRIT_HEALERS
x530,"OPINION:_HOMEOPATHY,_BACH_FLOWERS_ETC."
x531,WORLD_MORE_PEACEFUL_WITHOUT_RELIGION
x532,SCIENCE:_MORE_HARM_THAN_GOOD
x533,SCIENCE_WILL_NEVER_EXPLAIN_EVERYTHING
x534,RELIGION_CONNECTS_PEOPLE
x535,BETTER_IF_MORE_RELIG.PEOPLE_HELD_OFFICES
x536,ONLY_ONE_TRUE_RELIGION?
x537,LIKE_TO_HAVE_CHURCH_OR_RELIGIOUS_FUNERAL
x538,MARRIED_IN_CHURCH_OR_RELIG._CEREMONY?
x539,MARRIAGE_INTO_OWN_FAMILY:_CATHOLIC
x540,MARRIAGE_INTO_OWN_FAMILY:_PROTESTANT
x541,MARRIAGE_INTO_OWN_FAMILY:_MUSLIM
x542,MARRIAGE_INTO_OWN_FAMILY:_JEW
x543,MARRIAGE_INTO_OWN_FAMILY:_ATHEIST
x544,POLITICAL_GOALS:_MAINTAIN_LAW_AND_ORDER
x545,POLIT.GOALS:MORE_INFLUENCE_FOR_CITIZENS
x546,POLITICAL_GOALS:_FIGHT_RISING_PRICES
x547,POLIT.GOALS:PROTECT_RIGHT_OF_FREE_SPEECH
x548,INGLEHART-INDEX
x549,IMPORTANCE:_RESPECT_LAW_AND_ORDER
x550,IMPORTANCE:_HIGH_STANDARD_OF_LIVING
x551,IMPORTANCE:_POWER_AND_INFLUENCE
x552,IMPORTANCE:_IMAGINATION_AND_CREATIVITY
x553,IMPORTANCE:_STRIVE_FOR_SECURITY
x554,IMPORTANCE:_HELP_HANDICAPPED
x555,IMPORTANCE:_ASSERTIVENESS
x556,IMPORTANCE:_DILIGENCE_AND_AMBITION
x557,IMPORTANCE:_TOLERANCE
x558,IMPORTANCE:_POLITICAL_ENGAGEMENT
x559,IMPORTANCE:_HEDONISM
x560,IMPORTANCE:_BELIEF_IN_GOD
x561,IMPORTANCE:_ACHIEVEMENT_IN_JOB
x562,IMPORTANCE:_FULFILLING_ONESELF
x563,ABORTION:_IF_BABY_HAS_A_SEVERE_DEFECT
x564,ABORTION:MARR.WOMAN_DONT_WANT_MORE_CHILD
x565,ABORTION:_IF_WOMANS_HEALTH_IS_ENDANGERED
x566,ABORT.:IF_FAMILY_IN_FINANCIAL_DIFFICULTY
x567,ABORTION:_PREGNANCY_RESULT_OF_RAPE
x568,ABORTION:UNMARR._MOTHER_NO_WISH_TO_MARRY
x569,ABORTION:_IF_THE_WOMAN_WANTS_IT
x570,NUMBER_OF_CONTACTS_IN_NETWORK
x571,FRIEND_A:_SEX
x572,FRIEND_A:_AGE
x573,FRIEND_A:_FAMILY_RELATION
x574,FRIEND_A:_EMPLOYMENT_STATUS
x575,"FRIEND_A:_OCCUPATION,_REFERENCE_NUMBER"
x576,FRIEND_A:_POL._PARTY_USUALLY_VOTED_FOR
x577,FRIEND_A:_GERMAN_CITIZENSHIP?
x578,FRIEND_B:_SEX
x579,FRIEND_B:_AGE
x580,FRIEND_B:_FAMILY_RELATION
x581,FRIEND_B:_EMPLOYMENT_STATUS
x582,"FRIEND_B:_OCCUPATION,_REFERENCE_NUMBER"
x583,FRIEND_B:_POL._PARTY_USUALLY_VOTED_FOR
x584,FRIEND_B:_GERMAN_CITIZENSHIP?
x585,FRIEND_C:_SEX
x586,FRIEND_C:_AGE
x587,FRIEND_C:_FAMILY_RELATION
x588,FRIEND_C:_EMPLOYMENT_STATUS
x589,"FRIEND_C:_OCCUPATION,_REFERENCE_NUMBER"
x590,FRIEND_C:_POL._PARTY_USUALLY_VOTED_FOR
x591,FRIEND_C:_GERMAN_CITIZENSHIP?
x592,DO_A_+_B_KNOW_EACH_OTHER?
x593,DO_A_+_C_KNOW_EACH_OTHER?
x594,DO_B_+_C_KNOW_EACH_OTHER?
x595,MEMBER_OF_A_TRADE_UNION
x596,PREVIOUSLY_MEMBER_OF_A_TRADE_UNION?
x597,MEMBER_OF_POLITICAL_PARTY
x598,MEMBERSHIP_STATUS:_ARTS_OR_MUSIC_CLUB
x599,MEMBERSHIP_STATUS:_SPORTS_CLUB
x600,MEMBERSHIP_STATUS:_OTHER_LEISURE_CLUB
x601,MEMBERSHIP_STATUS:_CHARITABLE_ORGANIS.
x602,MEMBERSHIP_STATUS:_HUMAN_RIGHTS_ORG.
x603,MEMBERSHIP_STATUS:_ENVIRONMENTAL_ORGAN.
x604,MEMBERSHIP_STATUS:_PATIENT_ORGAN._ETC.
x605,MEMBERSHIP_STATUS:_PARENTAL_ORGANISATION
x606,MEMBERSHIP_STATUS:_SENIOR_CITIZENS_ASSOC
x607,MEMBERSHIP_STATUS:_CITIZENS_INITIATIVE
x608,MEMBERSHIP_STATUS:_OTHER_ASSOCIATIONS
x609,MEMBERSHIP:_INFORMAL_GROUP
x610,"HOW_OFTEN_MEET_FRIENDS_FROM_CLUBS,_ETC.?"
x611,HOW_OFTEN_MEET_FRIENDS_FROM_WORK?
x612,HOW_OFTEN_MEET_FRIENDS?
x613,GENERAL_TRUST_IN_FELLOW_MEN
x614,LIFE_IS_GETTING_WORSE_FOR_COMMON_PEOPLE
x615,"WITH_SUCH_A_FUTURE,_NO_MORE_CHILDREN"
x616,POLITICIANS_NO_INTEREST_IN_COMMON_PEOPLE
x617,MOST_PEOPLE_DONT_CARE_ABOUT_OTHERS
x618,"S.O._CAUSES_TROUBLE,_RESPOND_IN_KIND"
x619,EXTRA_CARE_FOR_PEOPLE_WHO_HELPED_IN_PAST
x620,AFRAID_ALONE_AT_NIGHT_IN_IMMED._VICINITY
x621,DEVIANT_BEHAVIOR:_HIT_DISOBEDIENT_CHILD
x622,DEVIANT_BEHAVIOR:_ABORTION
x623,DEV._BEHAVIOR:_DOCTOR-ASSISTED_SUICIDE
x624,DEVIANT_BEHAVIOR:_TAX_FRAUD
x625,DEVIANT_BEHAVIOR:_FARE_DODGING
x626,DEVIANT_BEHAVIOR:_MARITAL_RAPE
x627,DEVIANT_BEHAVIOR:_SMOKING_MARIJUANA
x628,DEVIANT_BEHAVIOR:_HOMOSEXUALITY
x629,DEVIANT_BEHAVIOR:_ADULTERY
x630,RESPONDENT:_SEX
x631,RESPONDENT:_YEAR_OF_BIRTH
x632,RESPONDENT:_MONTH_OF_BIRTH
x633,RESPONDENT:_AGE
x634,GERMAN_CITIZENSHIP?
x635,"RESP.:CITIZENSHIP,_RESPONSE_1"
x636,"RESP.:CITIZENSHIP,_RESPONSE_2"
x637,"RESP.:CITIZENSHIP,_RESPONSE_3"
x638,RESP.:_NUMBER_OF_CITIZENSHIPS
x639,RESP:_GENERAL_SCHOOL_LEAVING_CERTIFICATE
x640,RESPONDENT:_OCCUPATIONAL_TRAINING
x641,RESP.:_NO_COMPLETED_VOCATIONAL_TRAINING
x642,RESP:_ON-THE-JOB_VOCATIONAL_TRAINING
x643,RESP.:COMPACT_VOCATIONAL_TRAINING_COURSE
x644,"RESP.:TRADE,_CRAFT_OR_AGRIC._TRAINEESHIP"
x645,RESP.:_COMMERCIAL_TRAINEESHIP
x646,"RESP.:_WORK_PLACEMENT,_INTERNSHIP"
x647,R:_TECHNICAL_OR_VOCATIONAL_COLLEGE_CERT.
x648,R:_SPECIALIZED_VOCATIONAL_COLLEGE_CERT.
x649,"R:_MASTER,TECHNICIAN_COLLEGE_CERTIFICATE"
x650,RESP.:_UNIV._OF_APPLIED_SCIENCES_DEGREE
x651,RESP.:_UNIVERSITY_DEGREE
x652,RESP.:_OTHER_VOCATIONAL_TRAINING_CERTIF.
x653,RESP.:_TYPE_OF_U._OF_APPL.SC._DEGREE
x654,RESP.:_TYPE_OF_UNIVERSITY_DEGREE
x655,RESP.:_ISCED_1997_-_5_LEVELS
x656,RESP.:_ISCED_2011
x657,RESPONDENT:_CURRENT_EMPLOYMENT_STATUS
x658,OCCUPATION_IN_ADDITION_TO_MAIN_OCCUP.
x659,RESPONDENT:_CURRENT_OCCUPATION
x660,"R.:_CURRENT_OCCUPATION,_REFERENCE_NUMBER"
x661,RESP.:_STATUS_OF_NON-EMPLOYMENT
x662,"RESP.:_CURRENT_OCCUPATION,_ISCO-68"
x663,R.:_CURR._OCCUPATION_MINOR_GROUP_ISCO-68
x664,R.:_CURR._OCCUPATION_MAJOR_GROUP_ISCO-68
x665,R.:_CURRENT_TREIMANPRESTIGE_ISCO-68
x666,R.:_CURRENT_MAGNITUDEPRESTIGE_ISCO-68
x667,"R.:_CURRENT_OCCUPATION,_ISEI_ISCO-68"
x668,R.:_CURR.OCCUP._GOLDTHORPE_CLASS_ISCO-68
x669,"RESP.:_CURRENT_OCCUPATION,_ISCO-88"
x670,"R.:_CURRENT_OCCUPATION,_SIOPS_ISCO-88"
x671,R.:_CURRENT_MAGNITUDEPRESTIGE_ISCO-88
x672,"R.:_CURRENT_OCCUPATION,_ISEI_ISCO-88"
x673,"RESP.:_CURRENT_OCCUPATION,_ISCO-08"
x674,"R.:_CURRENT_OCCUPATION,_SIOPS_ISCO-08"
x675,"R.:_CURRENT_OCCUPATION,_ISEI_ISCO-08"
x676,RESPONDENT:_SOCIO-ECONOMIC_GROUP_(ESEG)
x677,"AFRAID_OF_UNEMPLOYMENT,_EMPLOYEES"
x678,"AFRAID_OF_THREAT_TO_LIVELIHOOD,SELF-EMPL"
x679,EMPLOYMENT_IN_PUBLIC_SECTOR
x680,FIXED-TERM_OR_PERMANENT_EMPLOYMENT?
x681,RESP.:_SUPERVISING_THE_WORK_OF_OTHERS?
x682,NUMBER_OF_PEOPLE_RESPONDENT_SUPERVISES
x683,RESP.:_UNTIL_WHAT_YEAR_IN_EMPLOYMENT
x684,RESP.:_AGE_WHEN_R._STOPPED_WORKING
x685,RESP.:_YEARS_SINCE_R._STOPPED_WORKING
x686,RESPONDENT:_LAST_OCCUPATION
x687,"RESP.:_LAST_OCCUPATION,_REFERENCE_NUMBER"
x688,"RESPONDENT:_LAST_OCCUPATION,_ISCO-68"
x689,R.:_LAST_OCCUPATION_MINOR_GROUP_ISCO-68
x690,R.:_LAST_OCCUPATION_MAJOR_GROUP_ISCO-68
x691,R.:_LAST_OCCUP._TREIMANPRESTIGE_ISCO-68
x692,"R.:_LAST_OCC.,_MAGNITUDEPRESTIGE_ISCO-68"
x693,"RESP.:_LAST_OCCUPATION,_ISEI_ISCO-68"
x694,"R.:_LAST_OCC.,_GOLDTHORPE_CLASS_ISCO-68"
x695,"RESPONDENT:_LAST_OCCUPATION,_ISCO-88"
x696,"RESP.:_LAST_OCCUPATION,_SIOPS_ISCO-88"
x697,R.:_LAST_OCC._MAGNITUDEPRESTIGE_ISCO-88
x698,"RESP.:_LAST_OCCUPATION,_ISEI_ISCO-88"
x699,"RESPONDENT:_LAST_OCCUPATION,_ISCO-08"
x700,"RESP.:_LAST_OCCUPATION,_SIOPS_ISCO-08"
x701,"RESP.:_LAST_OCCUPATION,_ISEI_ISCO-08"
x702,YEAR_RESPONDENT_BEGAN_FIRST_OCCUPATION
x703,FIRST_OCCUPATION
x704,"FIRST_OCCUPATION,_REFERENCE_NUMBER"
x705,"FIRST_OCCUPATION,_ISCO-68"
x706,"FIRST_OCCUPATION,_OCCUPATIONAL_MINOR_GRP"
x707,"FIRST_OCCUPATION,_OCCUPATIONAL_MAJOR_GRP"
x708,"FIRST_OCCUPATION,_TREIMANPRESTIGE"
x709,"FIRST_OCCUPATION,_MAGNITUDEPRESTIGE_I68"
x710,"FIRST_OCCUPATION,_GOLDTHORPE_CLASSES"
x711,"FIRST_OCCUPATION,_ISCO-88"
x712,"FIRST_OCCUPATION,_SIOPS_ISCO-88"
x713,"FIRST_OCCUPATION,_ISEI_GANZEBOOM_ISCO-88"
x714,HOW_MANY_PEOPLE_WORK_WHERE_YOU_DO?
x715,RESP.:_HOURS_WORKED_PER_WEEK
x716,"RESP.:_JOB_ON_THE_SIDE,_HOURS_PER_WEEK"
x717,"HOURS_WORKED_PER_WEEK,SECONDARY_OCCUP."
x718,RESP.:_UNEMPLOYMENT_IN_THE_LAST_10_YEARS
x719,RESP.:_LENGTH_OF_UNEMPLOYMENT_IN_WEEKS
x720,NOT_EMPL.:_EVER_BEEN_UNEMPLOYED_BEFORE?
x721,UNEMPLOYED:_BEEN_UNEMPLOYED_BEFORE?
x722,ALL_PERIODS_OF_(PAST)_UNEMPLOYMENT
x723,RESP.:_MONTHLY_NET_INCOME_-_OPEN_Q.
x724,RESP.:_MONTHLY_NET_INCOME_-_CLOSED_Q.
x725,R.:_MONTHLY_NET_INCOME_-_OPEN+CLOSED_Q.
x726,HH.:_MONTHLY_NET_INCOME_-_OPEN_QUESTION
x727,HH.:_MONTHLY_NET_INCOME_-_CLOSED_QESTION
x728,HH.:_MONTHLY_NET_INCOME_-_OPEN+CLOSED_Q.
x729,"PER_CAPITA_INCOME,_NET_MONTHLY"
x730,EQUIVALENT_INCOME_OECD-MODIFIED_SCALE
x731,EVALUATION_OF_TOTAL_HOUSEHOLD_INCOME
x732,"HH_INCOME:_WAGES,_SALARIES"
x733,HH_INCOME:_FROM_SELF-EMPLOYED_WORK
x734,HH_INCOME:_FROM_(SELF-)EMPLOYED_WORK
x735,HH_INCOME:_INTEREST_FROM_SAVINGS
x736,"HH_INCOME:_DIVIDENDS_FROM_STOCKS,_BONDS"
x737,HH_INCOME:_FROM_RENT_AND_LEASE
x738,HH_INCOME:_FROM_OTHER_ASSETS
x739,HH_INCOME:_CHILD_ALLOWANCE
x740,HH_INCOME:_HOUSING_BENEFIT
x741,HH_INCOME:_UNEMPLOYMENT_BENEFITS
x742,HH_INCOME:_SICKNESS_OR_MATERNITY_BENEFIT
x743,HH_INCOME:_CHILD_REARING_ALLOWANCE
x744,"HH_INCOME:_STUDENT_GRANTS,_BAFOEG,_ETC."
x745,HH_INCOME:_GRANTS_F._VOCATIONAL_TRAINING
x746,HH_INCOME:_WELFARE_BENEFITS
x747,HH_INCOME:_REGULAR_ALIMONY_PAYMENTS_ETC.
x748,HH_INCOME:_OTHER_SOCIAL_BENEFITS
x749,HH_INCOME:_RETIREMENT_BENEFITS
x750,HH_INCOME:_PENSIONS_(FOR_CIVIL_SERVANTS)
x751,HH_INCOME:_OTHER_INCOME
x752,NUMBER_OF_INCOME_SOURCES_IN_HOUSEHOLD
x753,MAIN_SOURCE_OF_HH_INCOME_(CONSOLIDATED)
x754,RESPONDENT:_MARITAL_STATUS
x755,RESP.:LIVED_WITH_SPOUSE_BEFORE_MARRIAGE?
x756,"RESP.:_LIVED_TOGETHER_SINCE,_YEAR"
x757,"RESP.:_LIVED_TOGETHER_SINCE,_MONTH"
x758,SPOUSE:_YEAR_OF_BIRTH
x759,SPOUSE:_MONTH_OF_BIRTH
x760,SPOUSE:_AGE
x761,"SPOUSE:_CITIZENSHIP,_RESPONSE_1"
x762,"SPOUSE:_CITIZENSHIP,_RESPONSE_2"
x763,SPOUSE:_NUMBER_OF_CITIZENSHIPS
x764,SPOUSE:_GERMAN_SINCE_BIRTH?
x765,SPOUSE:_CITIZENSHIP_AT_BIRTH
x766,SPOUSE:_GENERAL_SCHOOL_LEAVING_CERTIFIC.
x767,SPOUSE:_OCCUPATIONAL_TRAINING
x768,SPOUSE:_NO_COMPLETED_VOCATIONAL_TRAING
x769,SPOUSE:_ON-THE-JOB_VOCATIONAL_TRAINING
x770,SPOUSE:_COMPACT_VOC._TRAINING_COURSE
x771,"SPOUSE:_TRADE,_CRAFT,_AGRIC._TRAINEESHIP"
x772,SPOUSE:_COMMERCIAL_TRAINEESHIP
x773,"SPOUSE:_WORK_PLACEMENT,_INTERNSHIP"
x774,"SPOUSE:_TECHN.,VOCATIONAL_COLLEGE_CERT."
x775,SPOUSE:_SPEC._VOCATIONAL_COLLEGE_CERT.
x776,"SPOUSE:_MASTER,_TECHNICIAN_COLL._CERT."
x777,SPOUSE:_UNIV._OF_APPLIED_SCIENCE_DEGREE
x778,SPOUSE:_UNIVERSITY_DEGREE
x779,SPOUSE:_OTHER_VOCATIONAL_TRAINING_CERT.
x780,SPOUSE:_TYPE_OF_UNI._OF_APPL.SC._DEGREE
x781,SPOUSE:_TYPE_OF_UNIVERSITY_DEGREE
x782,SPOUSE:_ISCED_1997_-_5_LEVELS
x783,SPOUSE:_ISCED_2011
x784,SPOUSE:_CURRENT_EMPLOYMENT_STATUS
x785,SPOUSE:_CURRENT_OCCUPATION
x786,"SPOUSE:_CURRENT_OCCUPATION,_REF._NR."
x787,SPOUSE:_STATUS_OF_NON-EMPLOYMENT
x788,"SPOUSE:_CURRENT_OCCUPATION,_ISCO-68"
x789,SPOUSE:_CURR._OCCUP._MINOR_GROUP_ISCO-68
x790,SPOUSE:_CURR._OCCUP._MAJOR_GROUP_ISCO-68
x791,SPOUSE:_CURRENT_TREIMANPRESTIGE_ISCO-68
x792,SPOUSE:CURRENT_MAGNITUDEPRESTIGE_ISCO-68
x793,"SPOUSE:_CURRENT_OCCUPATION,_ISEI_ISCO-68"
x794,SPOUSE:_CURRENT_GOLDTHORPE_CLASS_ISCO-68
x795,"SPOUSE:_CURRENT_OCCUPATION,_ISCO-88"
x796,"SPOUSE:_CURRENT_OCCUPAT.,SIOPS_ISCO-88"
x797,SPOUSE:CURRENT_MAGNITUDEPRESTIGE_ISCO-88
x798,"SPOUSE:_CURRENT_OCCUPATION,_ISEI_ISCO-88"
x799,"SPOUSE:_CURRENT_OCCUPATION,_ISCO-08"
x800,"SPOUSE:_CURRENT_OCCUPAT.,_SIOPS_ISCO-08"
x801,"SPOUSE:_CURRENT_OCCUPAT.,_ISEI_ISCO-08"
x802,SPOUSE:_SOCIO-ECONOMIC_GROUP_(ESEG)
x803,SPOUSE:_EMPLOYMENT_IN_PUBLIC_SECTOR
x804,SPOUSE:_AFRAID_OF_UNEMPLOYMENT?
x805,SPOUSE:_AFRAID_LIVELIHOOD_THREATENED?
x806,RESP.:_IS_THIS_YOUR_FIRST_MARRIAGE?
x807,"MARRIED:_MONTH_OF_WEDDING,_MARRIAGE_1"
x808,"MARRIED:_YEAR_OF_WEDDING,_MARRIAGE_1"
x809,"MARRIED:_MONTH_OF_DIVORCE,_MARRIAGE_1"
x810,"MARRIED:_YEAR_OF_DIVORCE,_MARRIAGE_1"
x811,"MARRIED:_MONTH_OF_DEATH,_SPOUSE_1"
x812,"MARRIED:_YEAR_OF_DEATH,_SPOUSE_1"
x813,"MARRIED:_MONTH_OF_WEDDING,_MARRIAGE_2"
x814,"MARRIED:_YEAR_OF_WEDDING,_MARRIAGE_2"
x815,"MARRIED:_MONTH_OF_DIVORCE,_MARRIAGE_2"
x816,"MARRIED:_YEAR_OF_DIVORCE,_MARRIAGE_2"
x817,"MARRIED:_MONTH_OF_DEATH,_SPOUSE_2"
x818,"MARRIED:_YEAR_OF_DEATH,_SPOUSE_2"
x819,"MARRIED:_MONTH_OF_WEDDING,_MARRIAGE_3"
x820,"MARRIED:_YEAR_OF_WEDDING,_MARRIAGE_3"
x821,"MARRIED:_YEAR_OF_DIVORCE,_MARRIAGE_3"
x822,"MARRIED:_MONTH_OF_WEDDING,_MARRIAGE_4"
x823,"MARRIED:_YEAR_OF_WEDDING,_MARRIAGE_4"
x824,"WIDOWED,DIV.:_RESP._MULTIPLE_MARRIAGES?"
x825,"WIDOW.,DIV.:_MONTH_OF_WEDDING,MARRIAGE_1"
x826,"WIDOW.,DIV.:_YEAR_OF_WEDDING,_MARRIAGE_1"
x827,"WIDOW.,DIV.:_MONTH_OF_DIVORCE,MARRIAGE_1"
x828,"WIDOW.,DIV.:_YEAR_OF_DIVORCE,_MARRIAGE_1"
x829,"WIDOW.,DIV.:_MONTH_OF_DEATH,_SPOUSE_1"
x830,"WIDOW.,DIV.:_YEAR_OF_DEATH,_SPOUSE_1"
x831,"WIDOW.,DIV.:_MONTH_OF_WEDDING,MARRIAGE_2"
x832,"WIDOW.,DIV.:_YEAR_OF_WEDDING,_MARRIAGE_2"
x833,"WIDOW.,DIV.:_MONTH_OF_DIVORCE,MARRIAGE_2"
x834,"WIDOW.,DIV.:_YEAR_OF_DIVORCE,_MARRIAGE_2"
x835,"WIDOW.,DIV.:_MONTH_OF_DEATH,_SPOUSE_2"
x836,"WIDOW.,DIV.:_YEAR_OF_DEATH,_SPOUSE_2"
x837,"WIDOW.,DIV.:_MONTH_OF_WEDDING,MARRIAGE_3"
x838,"WIDOW.,DIV.:_YEAR_OF_WEDDING,_MARRIAGE_3"
x839,"WIDOW.,DIV.:_MONTH_OF_DIVORCE,MARRIAGE_3"
x840,"WIDOW.,DIV.:_YEAR_OF_DIVORCE,_MARRIAGE_3"
x841,"WIDOW.,DIV.:_MONTH_OF_DEATH,_SPOUSE_3"
x842,"WIDOW.,DIV.:_YEAR_OF_DEATH,_SPOUSE_3"
x843,DOES_RESPONDENT_HAVE_A_STEADY_PARTNER?
x844,PARTNER:_JOINT_HOUSEHOLD
x845,PARTNER:_YEAR_OF_BIRTH
x846,PARTNER:_MONTH_OF_BIRTH
x847,PARTNER:_AGE
x848,"PARTNER:_CITIZENSHIP,_RESPONSE_1"
x849,"PARTNER:_CITIZENSHIP,_RESPONSE_2"
x850,PARTNER:_NUMBER_OF_CITIZENSHIPS
x851,PARTNER:_GERMAN_SINCE_BIRTH?
x852,PARTNER:_CITIZENSHIP_AT_BIRTH
x853,PARTNER:_GENERAL_SCHOOL_LEAVING_CERTIF.
x854,PARTNER:_OCCUPATIONAL_TRAINING
x855,PARTNER:_NO_COMPLETED_VOCATIONAL_TRAING
x856,PARTNER:_ON-THE-JOB_VOCATIONAL_TRAINING
x857,PARTNER:_COMPACT_VOCAT._TRAINING_COURSE
x858,"PARTNER:_TRADE,CRAFT,_AGRIC._TRAINEESHIP"
x859,PARTNER:_COMMERCIAL_TRAINEESHIP
x860,"PARTNER:_WORK_PLACEMENT,_INTERNSHIP"
x861,PARTNER:_TECHNICAL_OR_VOC._COLLEGE_CERT.
x862,PARTNER:_SPECIALIZED_VOCATIONAL_COLLEGE
x863,"PARTNER:_MASTER,TECHNIC._COLLEGE_CERTIF."
x864,PARTNER:_UNIV._OF_APPL._SCIENCES_DEGREE
x865,PARTNER:_UNIVERSITY_DEGREE
x866,PARTNER:_OTHER_VOCATIONAL_TRAINING_CERT.
x867,PARTNER:_TYPE_OF_U._OF_APPL.SC._DEGREE
x868,PARTNER:_TYPE_OF_UNIVERSITY_DEGREE
x869,PARTNER:_ISCED_1997_-_5_LEVELS
x870,PARTNER:_ISCED_2011
x871,PARTNER:_CURRENT_EMPLOYMENT_STATUS
x872,PARTNER:_CURRENT_OCCUPATION
x873,"PARTNER:_CURRENT_OCCUPATION,_REF._NR."
x874,PARTNER:_STATUS_OF_NON-EMPLOYMENT
x875,"PARTNER:_CURRENT_OCCUPATION,_ISCO-68"
x876,PARTNER:_OCCUP._MINOR_GROUP_ISCO-68
x877,PARTNER:_OCCUP._MAJOR_GROUP_ISCO-68
x878,PARTNER:_TREIMANPRESTIGE_ISCO-68
x879,PARTNER:_MAGNITUDEPRESTIGE_ISCO-68
x880,PARTNER:_ISEI_ISCO-68
x881,PARTNER:_GOLDTHORPE_CLASSES_ISCO-68
x882,"PARTNER:_CURRENT_OCCUPATION,_ISCO-88"
x883,PARTNER:_SIOPS_ISCO-88
x884,PARTNER:_MAGNITUDEPRESTIGE_ISCO-88
x885,PARTNER:_ISEI_ISCO-88
x886,"PARTNER:_CURRENT_OCCUPATION,_ISCO-08"
x887,"PARTNER:_CURRENT_OCCUPAT.,_SIOPS_ISCO-08"
x888,"PARTNER:_CURRENT_OCCUPAT.,_ISEI_ISCO-08"
x889,PARTNER:_SOCIO-ECONOMIC_GROUP_(ESEG)
x890,PARTNER:_EMPLOYMENT_IN_PUBLIC_SECTOR
x891,AFRAID_OF_UNEMPLOYMENT_FOR_PARTNER?
x892,"AFRAID_LIVELIHOOD_THREATENED,_PARTNER"
x893,RESP.:_LIVING_WITH_PARENTS_AT_AGE_15?
x894,AGE_WHEN_LEAVING_PARENTAL_HOME
x895,RELIGIOUS_DENOMINATION:_FATHER
x896,FATHER:_GENERAL_SCHOOL_LEAVING_CERTIFIC.
x897,"FATHER:_OCCUP._TRAINING,_HIGHEST_DEGREE"
x898,FATHER:_NO_COMPLETED_VOCATIONAL_TRAINING
x899,FATHER:_ON-THE-JOB_VOCATIONAL_TRAINING
x900,FATHER:_COMPACT_VOCAT._TRAINING_COURSE
x901,"FATHER:_TRADE,CRAFT,_AGRIC._TRAINEESHIP"
x902,FATHER:_COMMERCIAL_TRAINEESHIP
x903,"FATHER:_WORK_PLACEMENT,_INTERNSHIP"
x904,FATHER:_TECHNICAL_OR_VOC._COLLEGE_CERT.
x905,FATHER:_SPECIALIZED_VOCATIONAL_COLLEGE
x906,"FATHER:_MASTER,TECHNIC._COLLEGE_CERTIF."
x907,FATHER:_UNIV._OF_APPL._SCIENCES_DEGREE
x908,FATHER:_UNIVERSITY_DEGREE
x909,FATHER:_OTHER_VOCATIONAL_TRAINING_CERT.
x910,FATHER:_ISCED_1997_-_5_LEVELS
x911,FATHER:_OCCUPATION
x912,"FATHER:_OCCUPATION,_REFERENCE_NUMBER"
x913,"FATHER:_OCCUPATION,_ISCO-68"
x914,FATHER:_OCCUPATIONAL_MINOR_GROUP_ISCO-68
x915,FATHER:_OCCUPATIONAL_MAJOR_GROUP_ISCO-68
x916,FATHER:_TREIMANPRESTIGE_ISCO-68
x917,FATHER:_MAGNITUDEPRESTIGE_ISCO-68
x918,FATHER:_ISEI_ISCO-68
x919,FATHER:_GOLDTHORPE_CLASSES_ISCO-68
x920,"FATHER:_OCCUPATION,_ISCO-88"
x921,FATHER:_SIOPS_ISCO-88
x922,FATHER:_MAGNITUDEPRESTIGE_ISCO-88
x923,FATHER:_ISEI_ISCO-88
x924,"FATHER:_OCCUPATION,_ISCO-08"
x925,FATHER:_SIOPS_ISCO-08
x926,FATHER:_ISEI_ISCO-08
x927,FATHER:_SOCIO-ECONOMIC_GROUP_(ESEG)
x928,RELIGIOUS_DENOMINATION:_MOTHER
x929,MOTHER:_GENERAL_SCHOOL_LEAVING_CERTIFIC.
x930,"MOTHER:_OCCUP._TRAINING,_HIGHEST_DEGREE"
x931,MOTHER:_NO_COMPLETED_VOCATIONAL_TRAINING
x932,MOTHER:_ON-THE-JOB_VOCATIONAL_TRAINING
x933,MOTHER:_COMPACT_VOCAT._TRAINING_COURSE
x934,"MOTHER:_TRADE,CRAFT,_AGRIC._TRAINEESHIP"
x935,MOTHER:_COMMERCIAL_TRAINEESHIP
x936,"MOTHER:_WORK_PLACEMENT,_INTERNSHIP"
x937,MOTHER:_TECHNICAL_OR_VOC._COLLEGE_CERT.
x938,MOTHER:_SPECIALIZED_VOCATIONAL_COLLEGE
x939,"MOTHER:_MASTER,TECHNIC._COLLEGE_CERTIF."
x940,MOTHER:_UNIV._OF_APPL._SCIENCES_DEGREE
x941,MOTHER:_UNIVERSITY_DEGREE
x942,MOTHER:_OTHER_VOCATIONAL_TRAINING_CERT.
x943,MOTHER:_ISCED_1997_-_5_LEVELS
x944,MOTHER:_OCCUPATION
x945,"MOTHER:_OCCUPATION,_REFERENCE_NUMBER"
x946,"MOTHER:_OCCUPATION_THEN,_ISCO-68"
x947,MOTHER:_OCCUPATIONAL_MINOR_GROUP_ISCO-68
x948,MOTHER:_OCCUPATIONAL_MAJOR_GROUP_ISCO-68
x949,MOTHER:_TREIMANPRESTIGE_ISCO-68
x950,MOTHER:_MAGNITUDEPRESTIGE_ISCO-68
x951,MOTHER:_ISEI_ISCO-68
x952,MOTHER:_GOLDTHORPE_CLASSES_ISCO-68
x953,"MOTHER:_OCCUPATION_THEN,_ISCO-88"
x954,MOTHER:_SIOPS_ISCO-88
x955,MOTHER:_MAGNITUDEPRESTIGE_ISCO-88
x956,MOTHER:_ISEI_ISCO-88
x957,"MOTHER:_OCCUPATION_THEN,_ISCO-08"
x958,MOTHER:_SIOPS_ISCO-08
x959,MOTHER:_ISEI_ISCO-08
x960,MOTHER:_SOCIO-ECONOMIC_GROUP_(ESEG)
x961,MULTIPLE-PERSON_HOUSEHOLD?
x962,NUMBER_OF_OTHER_PERSONS_IN_HOUSEHOLD
x963,NUMBER_OF_PEOPLE_LIVING_IN_HOUSEHOLD
x964,REDUCED_SIZE_OF_HOUSEHOLD
x965,2.PERSON_IN_HH:_DEGREE_OF_RELATIONSHIP
x966,2.PERSON_IN_HOUSEHOLD:_SEX
x967,2.PERSON_IN_HOUSEHOLD:_YEAR_OF_BIRTH
x968,2.PERSON_IN_HOUSEHOLD:_MONTH_OF_BIRTH
x969,2.PERSON_IN_HOUSEHOLD:_AGE
x970,2.PERSON_IN_HOUSEHOLD:_MARITAL_STATUS
x971,2.P.IN_HH(CHILD):SCHOOL_LEAVING_CERTIF.
x972,2.PERSON_IN_HH(CHILD):UNIVERSITY_DEGREE
x973,2.PERSON_IN_HOUSEHOLD:_BAPTIZED?
x974,2.PERSON_IN_HOUSEHOLD:_REL._DENOMINATION
x975,3.PERSON_IN_HH:_DEGREE_OF_RELATIONSHIP
x976,3.PERSON_IN_HOUSEHOLD:_SEX
x977,3.PERSON_IN_HOUSEHOLD:_YEAR_OF_BIRTH
x978,3.PERSON_IN_HOUSEHOLD:_MONTH_OF_BIRTH
x979,3.PERSON_IN_HOUSEHOLD:_AGE
x980,3.PERSON_IN_HOUSEHOLD:_MARITAL_STATUS
x981,3.P.IN_HH(CHILD):SCHOOL_LEAVING_CERTIF.
x982,3.PERSON_IN_HH(CHILD):UNIVERSITY_DEGREE
x983,3.PERSON_IN_HOUSEHOLD:_BAPTIZED?
x984,3.PERSON_IN_HOUSEHOLD:_REL._DENOMINATION
x985,4.PERSON_IN_HH:_DEGREE_OF_RELATIONSHIP
x986,4.PERSON_IN_HOUSEHOLD:_SEX
x987,4.PERSON_IN_HOUSEHOLD:_YEAR_OF_BIRTH
x988,4.PERSON_IN_HOUSEHOLD:_MONTH_OF_BIRTH
x989,4.PERSON_IN_HOUSEHOLD:_AGE
x990,4.PERSON_IN_HOUSEHOLD:_MARITAL_STATUS
x991,4.P.IN_HH(CHILD):SCHOOL_LEAVING_CERTIF.
x992,4.PERSON_IN_HH(CHILD):UNIVERSITY_DEGREE
x993,4.PERSON_IN_HOUSEHOLD:_BAPTIZED?
x994,4.PERSON_IN_HOUSEHOLD:_REL._DENOMINATION
x995,5.PERSON_IN_HH:_DEGREE_OF_RELATIONSHIP
x996,5.PERSON_IN_HOUSEHOLD:_SEX
x997,5.PERSON_IN_HOUSEHOLD:_YEAR_OF_BIRTH
x998,5.PERSON_IN_HOUSEHOLD:_MONTH_OF_BIRTH
x999,5.PERSON_IN_HOUSEHOLD:_AGE
x1000,5.PERSON_IN_HOUSEHOLD:_MARITAL_STATUS
x1001,5.P.IN_HH(CHILD):SCHOOL_LEAVING_CERTIF.
x1002,5.PERSON_IN_HH(CHILD):UNIVERSITY_DEGREE
x1003,5.PERSON_IN_HOUSEHOLD:_BAPTIZED?
x1004,5.PERSON_IN_HOUSEHOLD:_REL._DENOMINATION
x1005,6.PERSON_IN_HH:_DEGREE_OF_RELATIONSHIP
x1006,6.PERSON_IN_HOUSEHOLD:_SEX
x1007,6.PERSON_IN_HOUSEHOLD:_YEAR_OF_BIRTH
x1008,6.PERSON_IN_HOUSEHOLD:_MONTH_OF_BIRTH
x1009,6.PERSON_IN_HOUSEHOLD:_AGE
x1010,6.PERSON_IN_HOUSEHOLD:_MARITAL_STATUS
x1011,6.P.IN_HH(CHILD):SCHOOL_LEAVING_CERTIF.
x1012,6.PERSON_IN_HH(CHILD):UNIVERSITY_DEGREE
x1013,6.PERSON_IN_HOUSEHOLD:_BAPTIZED?
x1014,6.PERSON_IN_HOUSEHOLD:_REL._DENOMINATION
x1015,7.PERSON_IN_HH:_DEGREE_OF_RELATIONSHIP
x1016,7.PERSON_IN_HOUSEHOLD:_SEX
x1017,7.PERSON_IN_HOUSEHOLD:_YEAR_OF_BIRTH
x1018,7.PERSON_IN_HOUSEHOLD:_MONTH_OF_BIRTH
x1019,7.PERSON_IN_HOUSEHOLD:_AGE
x1020,7.PERSON_IN_HOUSEHOLD:_MARITAL_STATUS
x1021,7.P.IN_HH(CHILD):SCHOOL_LEAVING_CERTIF.
x1022,7.PERSON_IN_HOUSEHOLD:_BAPTIZED?
x1023,7.PERSON_IN_HOUSEHOLD:_REL._DENOMINATION
x1024,8.PERSON_IN_HH:_DEGREE_OF_RELATIONSHIP
x1025,8.PERSON_IN_HOUSEHOLD:_SEX
x1026,8.PERSON_IN_HOUSEHOLD:_YEAR_OF_BIRTH
x1027,8.PERSON_IN_HOUSEHOLD:_MONTH_OF_BIRTH
x1028,8.PERSON_IN_HOUSEHOLD:_AGE
x1029,8.PERSON_IN_HOUSEHOLD:_MARITAL_STATUS
x1030,8.PERSON_IN_HOUSEHOLD:_BAPTIZED?
x1031,8.PERSON_IN_HOUSEHOLD:_REL._DENOMINATION
x1032,"HOUSEHOLD_CLASSIFICATION,_DETAILED"
x1033,"HOUSEHOLD_CLASSIFICATION,_CONDENSED"
x1034,FAMILY_TYPOLOGY
x1035,NUMBER_OF_BIOLOGICAL_CHILDREN
x1036,NUMBER_OF_BIOLOGICAL_CHILDREN_UNDER_18
x1037,NUMBER_OF_BIOLOGICAL+OTHER_CHILDREN
x1038,NUMBER_OF_BIOLOGICAL+OTHER_CHILDREN_<18
x1039,CHILDREN_NOT_LIVING_IN_THE_HOUSEHOLD?
x1040,NUMBER_OF_CHILDREN_NOT_IN_THE_HOUSEHOLD
x1041,CHILD_1_NOT_IN_HH:_SEX
x1042,CHILD_1_NOT_IN_HH:_YEAR_OF_BIRTH
x1043,CHILD_1_NOT_IN_HH:_AGE
x1044,CHILD_1_NOT_IN_HH:_SCHOOL_LEAVING_CERT.
x1045,CHILD_1_NOT_IN_HH:_UNIVERSITY_DEGREE
x1046,CHILD_1_NOT_IN_HH:_BAPTIZED?
x1047,CHILD_1_NOT_IN_HH:_RELIG._DENOMINATION
x1048,CHILD_2_NOT_IN_HH:_SEX
x1049,CHILD_2_NOT_IN_HH:_YEAR_OF_BIRTH
x1050,CHILD_2_NOT_IN_HH:_AGE
x1051,CHILD_2_NOT_IN_HH:_SCHOOL_LEAVING_CERT.
x1052,CHILD_2_NOT_IN_HH:_UNIVERSITY_DEGREE
x1053,CHILD_2_NOT_IN_HH:_BAPTIZED?
x1054,CHILD_2_NOT_IN_HH:_RELIG._DENOMINATION
x1055,CHILD_3_NOT_IN_HH:_SEX
x1056,CHILD_3_NOT_IN_HH:_YEAR_OF_BIRTH
x1057,CHILD_3_NOT_IN_HH:_AGE
x1058,CHILD_3_NOT_IN_HH:_SCHOOL_LEAVING_CERT.
x1059,CHILD_3_NOT_IN_HH:_UNIVERSITY_DEGREE
x1060,CHILD_3_NOT_IN_HH:_BAPTIZED?
x1061,CHILD_3_NOT_IN_HH:_RELIG._DENOMINATION
x1062,CHILD_4_NOT_IN_HH:_SEX
x1063,CHILD_4_NOT_IN_HH:_YEAR_OF_BIRTH
x1064,CHILD_4_NOT_IN_HH:_AGE
x1065,CHILD_4_NOT_IN_HH:_SCHOOL_LEAVING_CERT.
x1066,CHILD_4_NOT_IN_HH:_UNIVERSITY_DEGREE
x1067,CHILD_4_NOT_IN_HH:_BAPTIZED?
x1068,CHILD_4_NOT_IN_HH:_RELIG._DENOMINATION
x1069,CHILD_5_NOT_IN_HH:_SEX
x1070,CHILD_5_NOT_IN_HH:_YEAR_OF_BIRTH
x1071,CHILD_5_NOT_IN_HH:_AGE
x1072,CHILD_5_NOT_IN_HH:_SCHOOL_LEAVING_CERT.
x1073,CHILD_5_NOT_IN_HH:_UNIVERSITY_DEGREE
x1074,CHILD_5_NOT_IN_HH:_BAPTIZED?
x1075,CHILD_5_NOT_IN_HH:_RELIG._DENOMINATION
x1076,CHILD_6_NOT_IN_HH:_SEX
x1077,CHILD_6_NOT_IN_HH:_YEAR_OF_BIRTH
x1078,CHILD_6_NOT_IN_HH:_AGE
x1079,CHILD_6_NOT_IN_HH:_SCHOOL_LEAVING_CERT.
x1080,CHILD_6_NOT_IN_HH:_UNIVERSITY_DEGREE
x1081,CHILD_6_NOT_IN_HH:_BAPTIZED?
x1082,CHILD_6_NOT_IN_HH:_RELIG._DENOMINATION
x1083,CHILD_7_NOT_IN_HH:_SEX
x1084,CHILD_7_NOT_IN_HH:_YEAR_OF_BIRTH
x1085,CHILD_7_NOT_IN_HH:_AGE
x1086,CHILD_7_NOT_IN_HH:_SCHOOL_LEAVING_CERT.
x1087,CHILD_7_NOT_IN_HH:_BAPTIZED?
x1088,CHILD_7_NOT_IN_HH:_RELIG._DENOMINATION
x1089,CHILD_8_NOT_IN_HH:_SEX
x1090,CHILD_8_NOT_IN_HH:_YEAR_OF_BIRTH
x1091,CHILD_8_NOT_IN_HH:_AGE
x1092,CHILD_8_NOT_IN_HH:_SCHOOL_LEAVING_CERT.
x1093,CHILD_8_NOT_IN_HH:_BAPTIZED?
x1094,CHILD_8_NOT_IN_HH:_RELIG._DENOMINATION
x1095,CHILD_9_NOT_IN_HH:_SEX
x1096,CHILD_9_NOT_IN_HH:_YEAR_OF_BIRTH
x1097,CHILD_9_NOT_IN_HH:_AGE
x1098,CHILD_9_NOT_IN_HH:_BAPTIZED?
x1099,CHILD_9_NOT_IN_HH:_RELIG._DENOMINATION
x1100,CHILDLESS:_DO_YOU_WANT_TO_HAVE_CHILDREN?
x1101,HAS_CHILD:_WANT_MORE_CHILDREN?
x1102,CHILDLESS:HOW_MANY_CHILDREN_DO_YOU_WANT?
x1103,HAS_CHILD:HOW_MANY_CHILDREN_DO_YOU_WANT?
x1104,RESPONDENT:_GERMAN_SINCE_BIRTH?
x1105,RESPONDENT:_CITIZENSHIP_AT_BIRTH
x1106,BORN_WITHIN_CURRENT_BORDERS_OF_GERMANY?
x1107,RESPONDENT:_BORN_IN_WHICH_FEDERAL_STATE?
x1108,PART_OF_GERMANY_R_LIVED_IN_WHEN_YOUNG
x1109,INTERVIEW:_IN_WHICH_FEDERAL_STATE?
x1110,"YOUTH_IN_EAST-WEST,INTERV._IN_EAST-WEST"
x1111,"BORN_IN_EAST-WEST,INTERVIEW_IN_EAST-WEST"
x1112,"MOVED_TO_WEST_GERMANY,_YEAR"
x1113,"MOVED_TO_EAST_GERMANY,_YEAR"
x1114,"SINCE_WHEN_IN_THIS_FEDERAL_STATE,_YEAR"
x1115,MOVE_TO_NEW_FEDERAL_STATES_IMAGINABLE?
x1116,MOVE_TO_OLD_FEDERAL_STATES_IMAGINABLE?
x1117,MOVE_TO_OTHER_EU-COUNTRY_IMAGINABLE?
x1118,RESPONDENT:_COUNTRY_OF_ORIGIN
x1119,COUNTRY_OF_ORIGIN:_FATHER
x1120,COUNTRY_OF_ORIGIN:_PATERNAL_GRANDFATHER
x1121,COUNTRY_OF_ORIGIN:_PATERNAL_GRANDMOTHER
x1122,COUNTRY_OF_ORIGIN:_MOTHER
x1123,COUNTRY_OF_ORIGIN:_MATERNAL_GRANDFATHER
x1124,COUNTRY_OF_ORIGIN:_MATERNAL_GRANDMOTHER
x1125,"IMMIGRANT:_SINCE_WHEN_IN_GERMANY,_YEAR"
x1126,IMMIGRANT:_HOW_MANY_YEARS_IN_GERMANY?
x1127,"IMMIGRANT:_SINCE_WHEN_IN_FED.STATE,_YEAR"
x1128,COUNTRY_RESPONDENT_LIVED_IN_WHEN_YOUNG
x1129,DISTANCE_TO_LAST_PLACE_OF_RESIDENCE
x1130,RESP.:_HOW_LONG_HAVE_YOU_LIVED_HERE?
x1131,LENGTH_OF_RESIDENCE_IN_YEARS
x1132,SELF-ASSESSMENT_OF_PLACE_WHERE_R_LIVES
x1133,RESPONDENT:_TYPE_OF_DWELLING
x1134,LIVING_SPACE_IN_SQUARE_METERS
x1135,DOG_OR_CAT_IN_HOUSEHOLD?
x1136,TELEPHONE_IN_YOUR_HOME?
x1137,"AREA_OF_RESIDENCE:_NOISE_POLLUTION,_DAY"
x1138,"AREA_OF_RESIDENCE:NOISE_POLLUTION,_NIGHT"
x1139,AREA_OF_RESIDENCE:_AIR_POLLUTION
x1140,"NUMBER_OF_ATTEMPTED_CONTACTS,_TELEPHONE"
x1141,"NUMBER_OF_ATTEMPTED_CONTACTS,_VISITS"
x1142,"NUMBER_OF_ATTEMPTED_CONTACTS,_OTHER"
x1143,DATE_OF_INTERVIEW:_DAY
x1144,DATE_OF_INTERVIEW:_MONTH
x1145,DATE_OF_THE_INTERVIEW
x1146,START_OF_INTERVIEW:_HOUR
x1147,START_OF_INTERVIEW:_MINUTES
x1148,START_OF_INTERVIEW:_TIME
x1149,END_OF_INTERVIEW:_HOUR
x1150,END_OF_INTERVIEW:_MINUTES
x1151,END_OF_INTERVIEW:_TIME
x1152,LENGTH_OF_INTERVIEW_IN_MINUTES
x1153,INTERVIEW:_WILLINGNESS_OF_RESPONDENT
x1154,RESP.:_PARTICIPATED_IN_HOW_MANY_SURVEYS?
x1155,PREVIOUS_12_MONTHS:_OTHER_SURVEYS?
x1156,PREVIOUS_12_MONTHS:_NUMBER_OF_SURVEYS
x1157,INTERVIEW:_DIFFICULTY_TO_CONTACT_RESP.
x1158,INTERVIEW_CONDUCTED_ALONE_WITH_RESP.?
x1159,SPOUSE_OR_PARTNER_PRESENT_AT_INTERVIEW?
x1160,CHILDREN_PRESENT_AT_THE_INTERVIEW?
x1161,OTHER_FAMILY_MEMBERS_PRES._AT_INTERVIEW?
x1162,OTHER_PERSONS_PRESENT_AT_INTERVIEW?
x1163,INTERRUPTION_DURING_INTERVIEW?
x1164,WILLINGNESS_OF_RESPONDENT_TO_ANSWER
x1165,RELIABILITY_OF_RESPONDENTS_ANSWERS
x1166,RESP.:_FOLLOWED_INTERVIEW_ON_SCREEN
x1167,PRIVATE_USE_OF_INTERNET
x1168,HOW_OFTEN:_PRIVATE_USE_OF_INTERNET
x1169,FREQUENCY_OF_USING_THE_INTERNET
x1170,WILLING_TO_PARTICIPATE_IN_ONLINE_SURVEY?
x1171,RESPONDENT_ACCEPTS_INVITATION_TO_SURVEY
x1172,RESPONDENT_AGREES_TO_DATA_LINKAGE
x1173,ONLINER:_ONLINE_OR_PAPER_QUESTIONNAIRE?
x1174,RESPONDENT_WILLING_TO_PARTICIPATE_AGAIN?
x1175,TYPE_OF_BUILDING_RESPONDENT_LIVES_IN
x1176,STATE_OF_REPAIR_OF_BUILDING_R._LIVES_IN
x1177,DOOR_PHONE?
x1178,ASSESSMENT:_AREA_OF_RESIDENCE_OF_RESP.
x1179,"ATTRACTIVENESS_OF_R.,_START_OF_INTERVIEW"
x1180,INT.:_SOCIAL_CLASS_OF_HOUSEHOLD
x1181,INTERVIEWER:_ID
x1182,INTERVIEWER:_SEX
x1183,INTERVIEWER:_AGE
x1184,INTERVIEWER:_EDUCATION
x1185,INT.:_HOW_MANY_YEARS_WITH_SURVEY_INST.?
x1186,SPLIT_2006:_CAPI-CASI
x1187,SPLIT_2010:_NETWORKS
x1188,SPLIT_2012:_ABORTION
x1189,SPLIT_2012:_ROLE_OF_WOMEN
x1190,SPLIT_2012:_CHURCH_ATTENDANCE
x1191,SPLIT_2014:_OCCUPATIONAL_SUCCESS
x1192,SPLIT_2014:_ALTERNATE_QUESTIONS
x1193,SPLIT_2014:_HEALTH_OF_RESPONDENT
x1194,SPLIT_2016:_FR01-FR12
x1195,SPLIT_2016:_MI01-MI04
x1196,SPLIT_2016:_MA01-MA04
x1197,SPLIT_2016:_MN01-MN09
x1198,SPLIT_2016:_MP15A
x1199,"SPLIT_2016:_MG13-17,_MG19-23"
x1200,SPLIT_2016:_RECRUITMENT_QUESTIONS
x1201,REGION_OF_INTERVIEW:_WEST_-_EAST
x1202,FEDERAL_STATE_THAT_RESPONDENT_LIVES_IN
x1203,POLITICAL_SIZE_OF_MUNICIPALITY
x1204,BIK-REGIONS
x1205,PERCENTAGE_OF_FOREIGNERS_IN_LOCAL_COUNTY
test,(unlabeled)
